,Entropy Prediction,Hybrid Prediction_Euclidean,Rule-Based Prediction
Entropy Prediction,1.0,0.00020998354559792932,3.9408411721434964e-12
Hybrid Prediction_Euclidean,0.00020998354559792932,1.0,0.005489178889015503
Rule-Based Prediction,3.9408411721434964e-12,0.005489178889015503,1.0
